{
  "family": "tokenmonster",
  "model_path": "english-2048-clean-v1",
  "vocab_size": 2048,
  "chunks": 9770,
  "total_tokens": 16354694,
  "total_bytes": 48592425,
  "tokens_per_byte": 0.336568796473936,
  "bytes_per_token": 2.971160756661054,
  "unique_tokens_used": 1942,
  "dead_vocab_frac": 0.0517578125
}
